firstname,gender
Aaron,M
Ab,M
Abbey,F
Abbie,F
Abbie,M
Abby,F
Abdiel,M
Abe,M
Abel,M
Abelardo,M
Abigale,F
Abril,F
Ace,M
Achsah,F
Acie,M
Ada,F
Ada,M
Adah,F
Adaline,F
Adam,M
Adamaris,F
Adams,M
Add,M
Addie,F
Addie,M
Addisyn,F
Addyson,F
Adel,F
Adela,F
Adelaide,F
Adelbert,M
Adelia,F
Adell,F
Adella,F
Adilene,F
Adina,F
Adison,F
Aditya,M
Adlai,M
Adline,F
Adolf,M
Adolfo,M
Adolph,M
Adolphus,M
Adonis,M
Adrain,M
Adria,F
Adrian,F
Adriana,F
Adrianna,F
Adrianne,F
Adrienne,F
Adyson,F
Afton,F
Agnes,F
Ah,M
Ahmad,M
Ahmed,M
Aida,F
Aiden,M
Aidyn,M
Ailene,F
Aili,F
Aimee,F
Akeelah,F
Akira,F
Akira,M
Ala,F
Alaina,F
Alana,F
Alani,F
Alanna,F
Alanzo,M
Alayna,F
Alba,M
Albertina,F
Albertine,F
Albina,F
Albion,M
Alcie,F
Aldo,M
Alecia,F
Aleena,F
Alek,M
Alesha,F
Alesia,F
Alessandra,F
Aletha,F
Alethea,F
Alex,M
Alexa,F
Alexande,M
Alexander,M
Alexandr,F
Alexandrea,F
Alexandro,M
Alexia,F
Alexis,F
Alexis,M
Alexus,F
Alexys,F
Alexzander,M
Alf,M
Alfie,M
Alfonzo,M
Alfred,F
Alfreda,F
Alger,M
Algie,M
Algot,M
Ali,F
Ali,M
Alia,F
Alice,M
Alicia,F
Alijah,M
Aline,F
Alisa,F
Alisson,F
Alivia,F
Aliya,F
Aliyah,F
Aliza,F
Allan,M
Alleen,F
Allena,F
Allie,F
Allie,M
Allison,F
Ally,F
Allyn,F
Allyn,M
Allyson,F
Allyssa,F
Alma,F
Alma,M
Almedia,F
Almer,M
Almeta,F
Almina,F
Alois,M
Alonso,M
Aloys,M
Aloysius,M
Alpha,F
Alpha,M
Alpheus,M
Alphonsine,F
Alphonso,M
Alston,M
Alta,M
Althea,F
Altie,F
Alto,M
Alva,M
Alvena,F
Alvera,F
Alverta,F
Alvis,M
Alvy,M
Alwilda,F
Alwina,F
Alyse,F
Alyssa,F
Alyvia,F
Amado,M
Amalia,F
Amalie,F
Amari,F
Amaya,F
Amber,F
Ambers,M
Amelia,F
Amelie,F
America,F
Americo,M
Amey,F
Amir,M
Amira,F
Amirah,F
Amit,M
Amiyah,F
Amma,F
Ammie,F
Amon,M
Amparo,F
Amy,F
Anabel,F
Anabella,F
Anabelle,F
Anais,F
Ananias,M
Anastacio,M
Ancel,M
Ancil,M
Anderson,M
Andrea,M
Anfernee,M
Angel,F
Angel,M
Angele,F
Angeles,F
Angelica,F
Angeline,F
Angelique,F
Angelita,F
Angella,F
Angus,M
Anice,F
Anie,F
Anika,F
Anissa,F
Anitra,F
Aniya,F
Aniyah,F
Anjanette,F
Anna,M
Annabel,F
Annabella,F
Annabelle,F
Annalise,F
Annamae,F
Annamarie,F
Annemarie,F
Annetta,F
Annie,M
Annika,F
Annis,F
Annmarie,F
Anona,F
Anson,M
Anthoney,M
Antione,M
Antionette,F
Antoine,M
Antoinette,F
Anton,M
Antonetta,F
Antonette,F
Antonia,F
Antonia,M
Antonio,M
Antony,M
Antwain,M
Antwon,M
April,F
Ara,F
Arabella,F
Arah,F
Arba,M
Arbie,M
Archibald,M
Archie,M
Ardell,F
Ardell,M
Ardella,F
Ardelle,F
Arden,F
Arden,M
Ardeth,F
Ardis,F
Ardyce,F
Areli,F
Aretha,F
Argie,F
Ari,M
Ariana,F
Arianna,F
Aric,M
Arie,F
Ariel,F
Arietta,F
Arizona,F
Arjun,M
Arlan,M
Arland,M
Arletta,F
Arley,F
Arley,M
Arlie,F
Arlie,M
Arlin,M
Arline,F
Arlis,M
Arlo,M
Arlyne,F
Armani,F
Armani,M
Armida,F
Armin,M
Arminda,F
Arminta,F
Armstead,M
Arnett,M
Arnetta,F
Arnoldo,M
Arnulfo,M
Arra,F
Arrie,F
Arron,M
Arthor,M
Arthur,M
Artie,F
Artis,M
Arturo,M
Arvel,M
Arvid,M
Arvil,M
Arvilla,F
Arvin,M
Aryana,F
Asberry,M
Asbury,M
Asha,F
Ashanti,F
Ashlea,F
Ashley,M
Ashlyn,F
Ashlynn,F
Ashton,F
Aspen,F
Astrid,F
Atha,F
Athena,F
Attie,F
Aubra,M
Aubree,F
Aubrey,M
Audie,M
Audley,M
Audra,F
Audriana,F
Audrianna,F
Audrina,F
Audry,F
Audy,M
August,M
Augusta,M
Augustina,F
Aurilla,F
Aurora,F
Aurore,F
Aurthur,M
Austen,M
Austin,F
Austin,M
Auston,M
Autry,M
Autumn,F
Ava,F
Avah,F
Avery,F
Avie,F
Avon,M
Axel,M
Ayana,F
Ayanna,F
Aydan,M
Ayden,M
Ayesha,F
Ayla,F
Azzie,F
Babe,M
Baby,F
Baby,M
Babyboy,M
Bailee,F
Bailey,F
Bailey,M
Baker,M
Baldwin,M
Bama,F
Banks,M
Barb,F
Barbara,F
Barbie,F
Barbra,F
Barney,M
Barnie,M
Baron,M
Barrett,M
Barron,M
Barry,M
Bartholomew,M
Bartley,M
Barton,M
Basil,M
Baxter,M
Baylee,F
Beadie,F
Beatrice,F
Beatriz,F
Beau,M
Beaulah,F
Beckham,M
Beda,F
Bee,F
Bee,M
Beecher,M
Belia,F
Belinda,F
Bell,F
Bell,M
Bella,F
Belton,M
Belva,F
Benard,M
Benita,F
Benjaman,M
Benjamen,M
Benjamin,M
Benjiman,M
Benjman,M
Bennett,M
Benny,M
Benson,M
Berdie,F
Berkley,M
Bernadine,F
Bernice,F
Bernice,M
Bernita,F
Bert,F
Bertie,M
Bertrand,M
Besse,F
Bessie,F
Bessie,M
Beth,F
Bethann,F
Bethel,M
Bethzy,F
Betsey,F
Betsy,F
Betty,F
Bettye,F
Beulah,F
Beulah,M
Beverlee,F
Beverley,F
Beverly,M
Bianca,F
Biddie,F
Bilal,M
Bill,M
Billie,M
Billy,M
Bird,M
Birdella,F
Birdie,F
Birtie,F
Bjorn,M
Blaine,M
Blair,F
Blair,M
Blake,F
Blanch,F
Blanchard,M
Blanchie,F
Blas,M
Bliss,M
Bluford,M
Bob,M
Bobbie,F
Bobbie,M
Bobby,M
Bode,M
Bolden,M
Bonita,F
Bonnie,F
Booker,M
Boone,M
Boris,M
Bose,M
Boss,M
Boston,M
Boyd,M
Brad,M
Braden,M
Bradley,M
Brady,M
Braeden,M
Braedon,M
Braelyn,F
Brain,M
Brandan,M
Brandee,F
Brandi,F
Brandie,F
Brandin,M
Brandon,F
Brandon,M
Brandy,F
Brandy,M
Brandyn,M
Brannon,M
Braulio,M
Braxton,M
Brayan,M
Braylen,M
Braylon,M
Breann,F
Breanne,F
Brendan,M
Brenden,M
Brendon,M
Brenna,F
Brennan,M
Brent,M
Brett,F
Brett,M
Brian,F
Briana,F
Brianda,F
Brice,M
Bridger,M
Bridget,F
Bridgett,F
Bridgette,F
Brielle,F
Briley,F
Brion,M
Brisa,F
Britney,F
Britny,F
Brittani,F
Brittany,F
Brittany,M
Brittnay,F
Brittnee,F
Brittnie,F
Broderick,M
Brodie,M
Brody,M
Brogan,M
Bronson,M
Brook,F
Brook,M
Brooks,M
Brown,M
Bruno,M
Bryana,F
Bryant,M
Bryce,M
Brycen,M
Brylee,F
Bryn,F
Brynlee,F
Bryon,M
Bryton,M
Buck,M
Buddie,M
Buel,M
Buelah,F
Buffy,F
Buford,M
Buna,F
Burdette,M
Buren,M
Burgess,M
Burk,M
Burke,M
Burleigh,M
Burr,M
Burt,M
Buster,M
Butch,M
Bynum,M
Byrd,F
Byrd,M
Byron,M
Caddie,F
Cade,M
Caden,M
Cael,M
Caiden,M
Cailyn,F
Caitlyn,F
Caldonia,F
Calla,F
Callie,F
Callie,M
Callum,M
Calvin,M
Cam,M
Cameron,F
Cami,F
Camila,F
Camisha,F
Cammie,F
Campbell,F
Camryn,M
Candace,F
Candi,F
Candice,F
Candida,F
Candido,M
Candis,F
Candy,F
Candyce,F
Cannon,M
Canyon,M
Cap,M
Cappie,F
Caprice,F
Captain,M
Cara,F
Caren,F
Carey,F
Carin,F
Carina,F
Carisa,F
Carl,F
Carleigh,F
Carlene,F
Carleton,M
Carli,F
Carlie,F
Carlos,M
Carlota,F
Carlton,M
Carlyle,M
Carlyn,F
Carmel,F
Carmel,M
Carmela,F
Carmelo,M
Carmen,M
Carmine,M
Caro,F
Carol,F
Carolann,F
Carolina,F
Caroline,F
Caroline,M
Carolyn,M
Carolyne,F
Carolynn,F
Carri,F
Carrie,F
Carrie,M
Carrol,F
Carrol,M
Carson,F
Carson,M
Cary,F
Cary,M
Caryl,F
Casandra,F
Cason,M
Casper,M
Catalina,F
Catharine,F
Catherine,F
Cathey,F
Cathie,F
Cathleen,F
Cathy,F
Catrina,F
Cayden,M
Cayla,F
Caylee,F
Ceasar,M
Cecelia,F
Cecil,F
Cecil,M
Cecile,F
Cecilia,F
Cecily,F
Cedrick,M
Ceil,F
Celeste,F
Celestino,M
Celina,F
Cephus,M
Cesar,M
Chad,M
Chadwick,M
Chalmer,M
Champ,M
Chance,M
Chancey,M
Chanda,F
Chandra,F
Chanel,F
Chanelle,F
Chanie,F
Chantal,F
Chantel,F
Chantelle,F
Charisse,F
Charity,F
Charla,F
Charles,M
Charline,F
Charlotta,F
Charlotte,F
Charlottie,F
Charlsie,F
Charmaine,F
Chase,M
Chasity,F
Chauncey,M
Chauncy,M
Chaya,F
Chelsey,F
Chelsy,F
Cherelle,F
Cherrelle,F
Cherrie,F
Cherry,F
Cheryl,M
Cheryll,F
Chessie,F
Chester,F
Chester,M
Chestina,F
Cheyenne,F
Chimere,F
Chrissy,F
Christ,M
Christal,F
Christeen,F
Christel,F
Christena,F
Christene,F
Christian,F
Christian,M
Christiana,F
Christina,F
Christina,M
Christoper,M
Christy,F
Chyna,F
Chynna,F
Ciara,F
Ciarra,F
Cicely,F
Cicero,M
Cielo,F
Cierra,F
Cilla,F
Cindi,F
Cindy,F
Cinnamon,F
Citlali,F
Clabe,M
Claiborne,M
Claire,F
Claire,M
Clara,F
Clara,M
Clarabelle,F
Clarance,M
Clarice,F
Clarissa,F
Clarke,M
Classie,F
Claud,M
Claude,F
Claude,M
Claudette,F
Claudie,F
Claudie,M
Claudio,M
Claus,M
Clay,M
Clearence,M
Clella,F
Clem,F
Clem,M
Clemence,F
Clemence,M
Clemens,M
Clement,M
Clemente,M
Clementina,F
Clemma,F
Clemmie,F
Clemmie,M
Clemon,M
Cleo,F
Cleola,F
Cleon,M
Cleone,F
Cleora,F
Cleta,F
Cletus,M
Cleva,F
Cleveland,M
Clevie,F
Clide,M
Cliff,M
Cliffie,F
Clifford,F
Clifton,M
Clint,M
Clinton,M
Cloe,F
Clora,F
Clotilda,F
Clotilde,F
Clovis,M
Clyde,F
Clytie,F
Codey,M
Codi,M
Codie,M
Cody,F
Cohen,M
Colbert,M
Cole,M
Coleman,M
Coleton,M
Coletta,F
Colette,F
Collie,M
Collier,M
Collis,M
Colonel,M
Colton,M
Colvin,M
Con,M
Conard,M
Concepcion,F
Concetta,F
Conner,M
Connie,F
Connie,M
Connor,M
Conrad,M
Constantine,M
Consuela,F
Consuelo,F
Contina,F
Conway,M
Cora,M
Coraima,F
Corbett,M
Corda,F
Cordaro,M
Cordell,M
Cordella,F
Cordie,F
Corean,F
Corene,F
Corey,F
Corey,M
Cori,F
Corie,F
Corina,F
Corine,F
Corinne,F
Corliss,F
Cornelia,F
Cornelius,M
Cornie,F
Corrine,F
Cortney,F
Cory,F
Coty,M
Council,M
Coy,M
Crawford,M
Creed,M
Creola,F
Crete,F
Crissie,F
Crissy,F
Cristen,F
Cristian,M
Cristin,F
Cristina,F
Cristy,F
Crockett,M
Cruz,M
Crysta,F
Crystal,F
Crystal,M
Cuba,F
Cullen,M
Curley,M
Curtis,M
Cydney,F
Cyndi,F
Cyntha,F
Cynthia,F
Dagny,F
Daijah,F
Daisey,F
Daisha,F
Daisie,F
Daisy,F
Daisy,M
Daja,F
Dakota,F
Dakota,M
Dakotah,M
Dale,M
Dallas,M
Dallin,M
Dalton,M
Dalvin,M
Damarcus,M
Damari,M
Damarion,M
Damaris,F
Dameon,M
Damian,M
Damion,M
Dana,F
Dandre,M
Danelle,F
Danette,F
Dani,F
Danica,F
Daniel,F
Daniela,F
Daniele,F
Daniella,F
Danielle,F
Danielle,M
Dann,M
Danna,F
Dannie,F
Dannielle,F
Dante,M
Danyel,F
Daphne,F
Dara,F
Darci,F
Darcie,F
Darcy,M
Darell,M
Daren,M
Daria,F
Darian,F
Darian,M
Dariana,F
Dario,M
Darlene,F
Darline,F
Darrel,M
Darrien,M
Darrion,M
Darryll,M
Darvin,M
Darwyn,M
Daryl,F
Daryl,M
Daulton,M
Davante,M
Davey,M
Davian,M
David,M
Davie,M
Davin,M
Davina,F
Davis,M
Davonte,M
Dawna,F
Dawne,F
Dayami,F
Dayanara,F
Dayle,F
Dayna,F
Deacon,M
Dean,F
Deandra,F
Deane,M
Deangelo,M
Deanna,F
Deanne,F
Deante,M
Deb,F
Debbie,F
Debbra,F
Debby,F
Debora,F
Deborah,F
Debra,M
Debrah,F
Debroah,F
Declan,M
Dedra,F
Dee,F
Deedee,F
Deena,F
Deidra,F
Deirdre,F
Dejah,F
Del,M
Delaney,F
Delano,M
Delbert,M
Delilah,F
Delisa,F
Dell,M
Della,F
Della,M
Dellia,F
Dellie,F
Delma,M
Delmas,M
Delmer,M
Delois,F
Delora,F
Deloris,F
Delphia,F
Delphine,F
Delton,M
Delwin,M
Demarco,M
Demario,M
Demarion,M
Demetra,F
Demetria,F
Demetric,M
Demian,M
Dena,F
Deneen,F
Denice,F
Denine,F
Denis,M
Denise,F
Dennie,M
Dennis,F
Dennis,M
Denny,M
Denver,M
Deondre,M
Deontae,M
Dequan,M
Derald,M
Dereck,M
Derek,M
Deric,M
Derick,M
Derik,M
Derl,M
Deron,M
Derrell,M
Derrick,M
Deshaun,M
Desirae,F
Dessa,F
Dessie,M
Destany,F
Destin,M
Destinee,F
Destiney,F
Destini,F
Destiny,F
Devan,F
Devante,M
Devin,F
Devon,F
Devon,M
Devonta,M
Devonte,M
Devyn,M
Dewitt,M
Dexter,M
Diallo,M
Dian,F
Diane,M
Dianna,F
Dickie,M
Dicy,F
Dillard,M
Dillie,F
Dimitri,M
Dink,M
Dino,M
Dion,M
Dione,F
Dionicio,M
Dionne,F
Dirk,M
Dixie,F
Dixie,M
Dixon,M
Djuana,F
Doc,M
Dock,M
Doctor,M
Dola,F
Doll,M
Dollie,F
Doloris,F
Dolph,M
Domenic,M
Domenico,M
Dominga,F
Domingo,M
Dominic,M
Dominik,M
Dominique,F
Dominique,M
Dominque,F
Dominque,M
Don,M
Donaciano,M
Donal,M
Donavan,M
Donavon,M
Dondre,M
Donia,F
Donie,F
Donn,M
Donna,F
Donna,M
Donnell,M
Donnie,F
Donnie,M
Dontae,M
Donte,M
Dora,F
Dorathy,F
Doreen,F
Dorene,F
Dorian,M
Doris,F
Dorla,F
Dorotha,F
Dorothea,F
Dorothy,F
Dorr,M
Dorris,M
Dorsey,M
Dorthea,F
Dorthy,F
Doshie,F
Dosia,F
Doss,M
Dossie,F
Dot,F
Dottie,F
Doug,M
Douglas,M
Dow,M
Doyle,M
Drake,M
Draven,M
Drema,F
Drury,M
Dudley,M
Duke,M
Dulce,F
Durell,M
Durward,M
Durwood,M
Dustan,M
Dustin,M
Dusty,F
Dwaine,M
Dwayne,M
Dyan,F
Earl,F
Earl,M
Earle,M
Earley,M
Earlie,M
Early,M
Earnest,M
Earnestine,F
Easter,F
Ebbie,M
Eben,M
Ebenezer,M
Eboni,F
Ebony,F
Echo,F
Eda,F
Eden,F
Edgardo,M
Edie,F
Edith,F
Edla,F
Edmond,M
Edna,F
Edris,F
Edson,M
Eduardo,M
Edwardo,M
Edwina,F
Edyth,F
Edythe,F
Effa,F
Effie,F
Effie,M
Efren,M
Einar,M
Eithel,F
Elaina,F
Elaine,F
Elam,M
Elayne,F
Elbert,M
Elda,F
Elden,M
Elder,M
Eldred,M
Eldridge,M
Eleanor,F
Eleanor,M
Eleanore,F
Electa,F
Elena,F
Eleni,F
Elenor,F
Eleonore,F
Elfie,F
Elgie,M
Eli,M
Elia,F
Elian,M
Eliana,F
Elias,M
Elick,M
Elida,F
Elie,M
Eligah,M
Elige,M
Elihu,M
Elijah,M
Elisa,F
Elisabeth,F
Elise,F
Elisha,F
Elisha,M
Eliza,M
Elizabet,F
Elizebeth,F
Ell,M
Ellamae,F
Ellen,M
Eller,F
Ellery,M
Elliot,M
Elliott,M
Ellis,F
Ellis,M
Elmer,F
Elmer,M
Elmire,F
Elna,F
Elodie,F
Elois,F
Eloisa,F
Eloise,F
Eloy,M
Elsie,F
Elsie,M
Elton,M
Elva,F
Elva,M
Elvera,F
Elvis,M
Elwood,M
Elwyn,M
Ely,M
Elyssa,F
Elza,F
Elza,M
Elzada,F
Elzie,F
Elzie,M
Elzy,M
Ema,F
Emaline,F
Emanuel,M
Emeline,F
Emely,F
Emerald,F
Emerson,F
Emerson,M
Emil,M
Emile,M
Emilee,F
Emiliano,M
Emilie,F
Emilio,M
Emma,F
Emma,M
Emmalee,F
Emmanuel,M
Emmet,M
Emmett,M
Emmie,F
Emmit,M
Emmy,F
Emory,M
Enid,F
Ennis,M
Enola,F
Enriqueta,F
Ephraim,M
Ephriam,M
Epifanio,M
Eppie,F
Erasmo,M
Erasmus,M
Erby,M
Eric,F
Erica,F
Erick,M
Ericka,F
Erie,F
Erika,F
Erin,F
Eris,F
Erlene,F
Erlinda,F
Erline,F
Erma,F
Ermine,F
Erna,F
Ernestine,F
Ernesto,M
Ernst,M
Erving,M
Erykah,F
Esco,M
Esequiel,M
Esmeralda,F
Esperanza,F
Essa,F
Essence,F
Essie,F
Essie,M
Esta,F
Esta,M
Estefania,F
Estela,F
Estell,F
Estell,M
Estella,F
Estelle,F
Esther,F
Estie,F
Eston,M
Estrella,F
Ethel,F
Ethel,M
Ethelbert,M
Ethen,M
Ether,F
Ethie,F
Etta,F
Etter,F
Ettie,F
Eudora,F
Eugene,M
Eugenia,F
Eugenie,F
Eugenio,M
Eula,F
Eula,M
Eulalia,F
Euna,F
Eunice,M
Euphemia,F
Eura,F
Eusebio,M
Eustace,M
Eva,F
Eva,M
Evalena,F
Evaline,F
Evalyn,F
Evan,M
Evander,M
Evangelina,F
Evans,M
Evelena,F
Evelin,F
Evelina,F
Eveline,F
Evelyn,M
Evelyne,F
Ever,F
Everett,M
Evert,M
Evertt,M
Evonne,F
Ewell,M
Ewin,M
Ewing,M
Exa,F
Ezell,M
Ezequiel,M
Ezra,M
Fabian,M
Fabiola,F
Fae,F
Fairy,F
Faith,F
Falon,F
Fannie,M
Fanny,F
Fannye,F
Fate,M
Fatima,F
Faye,F
Fayette,M
Felicia,F
Felicity,F
Felton,M
Fenton,M
Ferd,M
Ferman,M
Fernand,M
Fernanda,F
Fernando,M
Ferne,F
Fidel,M
Fidelia,F
Finis,M
Finley,F
Finley,M
Finnegan,M
Fitzhugh,M
Flavia,F
Fleet,M
Fleeta,F
Fleming,M
Flo,F
Flora,F
Florance,F
Florence,F
Florence,M
Florencio,M
Florene,F
Florentino,M
Florie,F
Florrie,F
Floy,F
Floy,M
Floyd,F
Fonda,F
Fount,M
Foy,M
Francesco,M
Francina,F
Francisca,F
Francisqui,F
Franco,M
Frank,F
Frankie,M
Frazier,M
Fred,F
Fred,M
Freddie,F
Frederica,F
Fredericka,F
Fredie,M
Fredric,M
Fredy,M
Freeda,F
Freeman,M
Freida,F
Fremont,M
Frona,F
Fronnie,F
Fuller,M
Fulton,M
Gabe,M
Gabrielle,F
Gael,M
Gage,M
Gail,M
Gale,F
Gale,M
Galen,M
Gannon,M
Garett,M
Garland,M
Garner,M
Garnet,F
Garnet,M
Garrick,M
Garrison,M
Garry,M
Gary,F
Gasper,M
Gaston,M
Gauge,M
Gaven,M
Gavin,M
Gavyn,M
Gay,M
Gaye,F
Gayle,F
Gayle,M
Gaynell,F
Gearldine,F
Geary,M
Gemma,F
Genaro,M
Gene,F
Gene,M
General,M
Genevieve,F
Genevra,F
Gennaro,M
Gennie,F
Genoveva,F
Geoffrey,M
George,F
Georgeann,F
Georgeanna,F
Georgetta,F
Georgia,F
Georgia,M
Georgianna,F
Georgie,F
Georgina,F
Georgine,F
Gerald,M
Geraldine,F
Geralyn,F
Gerard,M
Gerardo,M
Gerhard,M
Geri,F
Germaine,F
Germaine,M
German,M
Gerold,M
Gerri,F
Gertrude,F
Gertrude,M
Gianna,F
Gidget,F
Gifford,M
Gilbert,M
Gilford,M
Gillian,F
Gillie,F
Gilmer,M
Gilmore,M
Ginger,F
Gino,M
Giovanni,M
Girtha,F
Giselle,F
Gisselle,F
Giuliana,F
Giuseppe,M
Glenda,F
Glenn,F
Glenn,M
Glenna,F
Glennie,F
Glennis,F
Glenwood,M
Glinda,F
Gloria,F
Gloria,M
Glover,M
Glynis,F
Goebel,M
Golden,F
Golden,M
Goldia,F
Goldie,F
Goldie,M
Gorge,M
Gottlieb,M
Governor,M
Grace,F
Gracia,F
Gracie,F
Grafton,M
Graham,M
Grant,M
Granville,M
Graves,M
Grayce,F
Grayson,M
Grecia,F
Green,M
Greene,M
Gregg,M
Greta,F
Gretchen,F
Gretta,F
Griffin,M
Grover,M
Guadalupe,M
Guillermo,M
Gunda,F
Gurney,M
Gussie,F
Gustaf,M
Gustav,M
Gustavus,M
Gustie,F
Gwen,F
Gwenda,F
Gwendolyn,F
Haden,M
Hadley,F
Hadley,M
Hailee,F
Hailie,F
Hal,M
Hale,M
Haleigh,F
Haley,F
Halley,M
Hallie,M
Hampton,M
Hana,F
Hanna,F
Hannah,F
Hansford,M
Hanson,M
Harden,M
Hardie,M
Hardin,M
Harding,M
Harland,M
Harlen,M
Harlene,F
Harley,M
Harlie,M
Harlon,M
Harlow,M
Harmon,M
Harold,F
Harold,M
Harper,M
Harrell,M
Harriet,F
Harriette,F
Harrison,M
Harrold,M
Harry,F
Harry,M
Hartwell,M
Haruko,F
Harve,M
Harvey,M
Harvy,M
Hasel,F
Hassan,M
Hassie,F
Hattie,M
Haven,M
Hayden,M
Hayes,M
Haylee,F
Hayleigh,F
Haylie,F
Hays,M
Haywood,M
Hazel,F
Hazel,M
Hazen,M
Hazle,F
Heath,M
Heather,F
Heaven,F
Hebert,M
Heidi,F
Helen,M
Helena,F
Helga,F
Hellen,F
Helmer,M
Helyn,F
Henderson,M
Henery,M
Hennie,F
Henri,M
Henry,F
Henry,M
Herbert,M
Herlinda,F
Herman,M
Hermann,M
Hermina,F
Hermine,F
Herminia,F
Hermon,M
Herschel,M
Hershel,M
Hershell,M
Hervey,M
Hezekiah,M
Hideo,M
Hilah,F
Hilbert,M
Hilda,F
Hildegard,F
Hildegarde,F
Hillary,F
Hillery,M
Hilmer,M
Hilton,M
Hiram,M
Hiroshi,M
Hjalmar,M
Hjalmer,M
Hobart,M
Hobert,M
Hobson,M
Hollie,M
Hollis,F
Holly,F
Holmes,M
Hoover,M
Hope,F
Horatio,M
Hortense,F
Hortensia,F
Hosteen,M
Houston,M
Howard,F
Howard,M
Howell,M
Hoy,M
Hubbard,M
Hubert,M
Hudson,M
Hugh,M
Hughes,M
Hughey,M
Hugo,M
Humberto,M
Humphrey,M
Hurbert,M
Hurley,M
Huston,M
Hyman,M
Hyrum,M
Ica,F
Icey,F
Icie,F
Icy,F
Ida,M
Idabelle,F
Idamae,F
Idell,F
Idella,F
Iesha,F
Ieshia,F
Ignacio,M
Ilah,F
Ilda,F
Iliana,F
Illa,F
Illya,M
Ilo,F
Ima,F
Imanol,M
Imo,F
Imogene,F
Ina,F
India,F
Indiana,F
Inell,F
Ines,F
Inger,F
Iola,F
Iona,F
Ione,F
Ira,F
Ireland,F
Irene,F
Irene,M
Iridian,F
Irine,F
Iris,F
Irma,F
Irven,M
Irvin,M
Irvine,M
Irving,M
Isa,F
Isaac,M
Isabel,F
Isabella,F
Isabelle,F
Isadora,F
Isaias,M
Isiah,M
Isidore,M
Isidro,M
Isla,F
Ismael,M
Isobel,F
Israel,M
Isreal,M
Ivah,F
Ivan,M
Ivana,F
Iver,M
Iverson,M
Ivette,F
Ivey,F
Ivey,M
Ivonne,F
Ivory,F
Iyanna,F
Izabella,F
Izayah,M
Izetta,F
Izola,F
Izora,F
Jacalyn,F
Jackie,F
Jackie,M
Jacky,M
Jacque,F
Jacquelin,F
Jacqueline,F
Jacques,M
Jacquline,F
Jacqulyn,F
Jada,F
Jade,M
Jaden,F
Jadiel,M
Jadyn,F
Jadyn,M
Jaeden,M
Jaelyn,F
Jaelynn,F
Jagger,M
Jaheem,M
Jahir,M
Jaida,F
Jaiden,F
Jaiden,M
Jaidyn,F
Jaidyn,M
Jailyn,F
Jaimie,F
Jaimie,M
Jairo,M
Jajuan,M
Jakob,M
Jaleel,M
Jalen,M
Jalon,M
Jalyn,F
Jamaal,M
Jamal,M
Jamar,M
Jamarcus,M
Jamari,M
Jame,M
Jameel,M
James,F
Jami,F
Jamie,M
Jamil,M
Jamin,M
Jamir,M
Jammie,M
Jamya,F
Jan,F
Jan,M
Janae,F
Janay,F
Jane,F
Janeen,F
Janell,F
Janelle,F
Janene,F
Janet,F
Janet,M
Janette,F
Janiah,F
Janice,F
Janie,F
Janine,F
Janna,F
Jannie,F
January,F
Janyce,F
Jaquan,M
Jaquez,M
Jaret,M
Jarod,M
Jarrad,M
Jarred,M
Jarret,M
Jarvis,M
Jasen,M
Jasiah,M
Jasmin,F
Jasmine,M
Jasmyn,F
Jason,F
Jason,M
Jasper,M
Javonte,M
Jax,M
Jay,M
Jaycee,F
Jayda,F
Jayden,M
Jaydon,M
Jaye,F
Jayla,F
Jaylah,F
Jaylee,F
Jayleen,F
Jaylen,M
Jaylene,F
Jaylin,F
Jaylin,M
Jaylyn,F
Jaylynn,F
Jayme,F
Jayme,M
Jayne,F
Jazlene,F
Jazlyn,F
Jazmin,F
Jeana,F
Jeanetta,F
Jeanette,F
Jeanie,F
Jeanine,F
Jeanmarie,F
Jeanna,F
Jeanne,F
Jeannette,F
Jeannie,F
Jeb,M
Jed,M
Jedediah,M
Jefferey,M
Jefferson,M
Jeffrey,F
Jeffry,M
Jelani,M
Jemal,M
Jemima,F
Jenifer,F
Jennette,F
Jenni,F
Jennie,F
Jennie,M
Jennifer,F
Jenniffer,F
Jenny,F
Jensen,M
Jeptha,M
Jeramie,M
Jeramy,M
Jere,M
Jered,M
Jerel,M
Jereme,M
Jeremey,M
Jeremy,F
Jeremy,M
Jerica,F
Jerilyn,F
Jerimy,M
Jermain,M
Jermaine,M
Jerod,M
Jerold,M
Jerome,M
Jerrad,M
Jerrilyn,F
Jerrod,M
Jerry,F
Jerry,M
Jerusha,F
Jeryl,F
Jesenia,F
Jesica,F
Jesse,F
Jesse,M
Jessee,M
Jessenia,F
Jessica,F
Jessica,M
Jessika,F
Jesus,M
Jett,M
Jetta,F
Jettie,F
Jevon,M
Jewell,M
Jiles,M
Jill,F
Jim,M
Jimmie,F
Jimmie,M
Jinnie,F
Joan,F
Joan,M
Joann,F
Joanne,F
Joaquin,M
Job,M
Jocelynn,F
Jodi,F
Jodie,F
Jodie,M
Jody,M
Joel,M
Joella,F
Joellen,F
Joeseph,M
Joetta,F
Joey,F
John,F
Johney,M
Johnie,F
Johnie,M
Johnny,F
Johnny,M
Johnson,M
Joi,F
Jolene,F
Jolie,F
Joline,F
Jon,M
Jonah,M
Jonatan,M
Jonathon,M
Jones,M
Jonna,F
Jonnie,F
Jonnie,M
Jordan,F
Jordan,M
Jorden,M
Jorja,F
Josef,M
Joselin,F
Joseline,F
Joseluis,M
Joseph,F
Josephine,F
Josette,F
Josh,M
Joshua,F
Josiah,M
Joslyn,F
Jossie,F
Josue,M
Jovany,M
Joyce,M
Joycelyn,F
Juanita,F
Judd,M
Judge,M
Judith,M
Judson,M
Judy,F
Jule,M
Jules,M
Julian,M
Juliana,F
Juliette,F
Julio,M
Julious,M
Julissa,F
Julius,M
Juluis,M
June,F
Junie,F
Junious,M
Junius,M
Justen,M
Justice,F
Justin,M
Justine,F
Justine,M
Justus,M
Juwan,M
Kacey,F
Kaci,F
Kacie,F
Kacy,F
Kade,M
Kaden,M
Kadin,M
Kaela,F
Kahlil,M
Kai,M
Kaia,F
Kaiden,M
Kaila,F
Kailyn,F
Kaitlin,F
Kaitlynn,F
Kaiya,F
Kale,M
Kaleb,M
Kalen,M
Kalene,F
Kali,F
Kallie,F
Kamari,F
Kamari,M
Kamden,M
Kameron,M
Kami,F
Kamila,F
Kamilah,F
Kamora,F
Kandace,F
Kandy,F
Kanesha,F
Kanye,M
Karan,F
Kareen,M
Karel,F
Karen,M
Kari,F
Karin,F
Karina,F
Karis,F
Karissa,F
Karl,M
Karlene,F
Karly,F
Karol,F
Karolyn,F
Karon,F
Karri,F
Karrie,F
Karyl,F
Karyme,F
Kasen,M
Kasey,F
Kasie,F
Kason,M
Kassidy,F
Kate,F
Katelin,F
Kathaleen,F
Katherin,F
Katherine,F
Kathern,F
Kathey,F
Kathi,F
Kathie,F
Kathlene,F
Kathrine,F
Kathryne,F
Kathyrn,F
Katie,F
Katina,F
Katlin,F
Katlynn,F
Kattie,F
Katy,F
Kavon,M
Kay,M
Kaya,F
Kaylan,F
Kaylene,F
Kayley,F
Kayli,F
Kaylyn,F
Kaylynn,F
Kazuo,M
Keandre,M
Keanna,F
Keara,F
Keeley,F
Keenan,M
Keesha,F
Keila,F
Keion,M
Keira,F
Keith,M
Kelan,M
Kelby,M
Kelcie,F
Kelis,F
Kellee,F
Kelley,F
Kelli,F
Kelly,F
Kelly,M
Kelsea,F
Kelsi,F
Kelsie,F
Kelvin,M
Kem,M
Kendal,F
Kendall,F
Kendall,M
Kendell,M
Kendra,F
Kendrick,M
Kenisha,F
Kenna,F
Kennard,M
Kennedi,F
Kennedy,F
Kennth,M
Kent,M
Kenton,M
Kenyatta,F
Kenyatta,M
Kenyon,M
Kenzie,F
Kermit,M
Kerri,F
Kerry,F
Keshia,F
Kevan,M
Keven,M
Kevin,M
Kevon,M
Keyshawn,M
Khalil,M
Khari,M
Khloe,F
Kia,F
Kiara,M
Kiarra,F
Kiera,F
Kierra,F
Kieth,M
Kiley,M
Killian,M
Kim,M
Kimber,F
Kimberely,F
Kimberlee,F
Kimberli,F
Kimberly,F
Kindra,F
King,M
Kingston,M
Kinley,F
Kinsey,F
Kinsley,F
Kinte,M
Kipp,M
Kira,F
Kirby,F
Kirsten,F
Kirt,M
Kitty,F
Knute,M
Koby,M
Koda,M
Koen,M
Kole,M
Kolten,M
Konner,M
Korbin,M
Kori,F
Kourtney,F
Kraig,M
Kris,F
Krish,M
Krista,F
Kristal,F
Kristan,F
Kristen,F
Kristi,F
Kristian,F
Kristin,F
Kristina,F
Kristine,F
Kristoffer,M
Kristopher,M
Krysta,F
Krystal,F
Krysten,F
Krystin,F
Krystina,F
Krystle,F
Kunta,M
Kurt,M
Kyara,F
Kylah,F
Kylan,M
Kyle,F
Kyle,M
Kylene,F
Kylie,F
Kyree,M
Kyrie,F
Kyson,M
Lacey,M
Lacy,F
Lacy,M
Ladarius,M
Laddie,M
Ladonna,F
Lafayette,M
Lafe,M
Laila,F
Lailah,F
Lainey,F
Laisha,F
Laken,F
Lakesha,F
Lakisha,F
Lalla,F
Lamarcus,M
Lamont,M
Lana,F
Landan,M
Landen,M
Landin,M
Landon,M
Lane,M
Lanette,F
Lanie,F
Lannie,F
Lannie,M
Laquita,F
Larae,F
Laraine,F
Larissa,F
Larkin,M
Laron,M
Larry,F
Larry,M
Lars,M
Larue,M
Lary,M
Lashanda,F
Lashawn,F
Lashunda,F
Lasonya,F
Latanya,F
Latasha,F
Latonya,F
Latoria,F
Latosha,F
Latoya,F
Latrice,F
Latricia,F
Launa,F
Laura,M
Laurance,M
Laureen,F
Laurel,F
Laurel,M
Lauren,F
Laurette,F
Lauri,F
Laurie,F
Laurine,F
Lauryn,F
Lavar,M
Lavelle,F
Lavenia,F
Lavera,F
Lavern,M
Lavinia,F
Lavon,F
Lavonda,F
Lavonia,F
Lavonne,F
Lawanda,F
Lawyer,M
Layla,F
Layne,M
Layton,M
Lazaro,M
Le,M
Lea,M
Leah,F
Leala,F
Leamon,M
Leana,F
Leander,M
Leandro,M
Leann,F
Leanna,F
Leatha,F
Leatrice,F
Lee,M
Leeann,F
Leif,M
Leigh,F
Leigh,M
Leighton,M
Leila,F
Leilani,F
Leisha,F
Leland,F
Lemma,F
Lemmie,M
Lempi,F
Lemuel,M
Lena,M
Lennie,M
Lennon,M
Lenny,M
Lenora,F
Leo,F
Leola,F
Leoma,F
Leon,M
Leonardo,M
Leone,F
Leonel,M
Leonia,F
Leonidas,M
Leonie,F
Leonora,F
Leontine,F
Leopold,M
Leopoldo,M
Leora,F
Lesa,F
Leslie,M
Lesly,F
Less,M
Lessie,M
Lesta,F
Leta,F
Letha,F
Leticia,F
Letitia,F
Letta,F
Letty,F
Leva,F
Levar,M
Levi,M
Levie,M
Levin,M
Levon,M
Lewis,M
Lexis,F
Lia,F
Liam,M
Liane,F
Libbie,F
Liberty,F
Lida,F
Liddie,F
Lidia,F
Lige,M
Lila,F
Lilburn,M
Lilia,F
Lilian,F
Liliana,F
Lilianna,F
Lilla,F
Lillian,F
Lillianna,F
Lillis,F
Lilly,F
Lilyana,F
Lincoln,M
Linda,M
Lindbergh,M
Lindsay,M
Lindsey,M
Lindy,M
Linette,F
Linnie,M
Linus,M
Linwood,M
Lionel,M
Lisa,F
Lisbeth,F
Lise,F
Lisette,F
Lisle,M
Lissette,F
Lissie,F
Lita,F
Litha,F
Littie,F
Littleton,M
Litzy,F
Liz,F
Liza,F
Lizabeth,F
Lizeth,F
Lizzie,M
Llewellyn,M
Lloyd,M
Logan,F
Logan,M
Lois,F
Lois,M
Lola,F
Lola,M
Lolita,F
Lolla,F
Lollie,F
Loma,F
Lona,F
London,M
Londyn,F
Lone,M
Loney,M
Long,M
Lonnie,F
Lonnie,M
Lonny,M
Loraine,F
Loran,M
Lorean,F
Loree,F
Loreen,F
Lorelei,F
Loren,F
Loren,M
Lorena,F
Lorenz,M
Lorenza,M
Lorenzo,M
Loretta,F
Lori,F
Lorin,M
Lorinda,F
Loring,M
Loris,F
Lorna,F
Lorrayne,F
Lorri,F
Lota,F
Lottie,F
Lou,F
Lou,M
Louanna,F
Louella,F
Louie,M
Louis,F
Louisa,F
Louise,F
Louise,M
Loula,F
Lourdes,F
Lovina,F
Loyal,M
Loyce,F
Loyd,M
Luana,F
Luca,M
Lucero,F
Lucie,F
Lucien,M
Lucile,F
Lucinda,F
Lucindy,F
Lucio,M
Lucious,M
Lucius,M
Lucretia,F
Lucy,M
Luda,F
Lue,F
Lue,M
Luella,F
Luetta,F
Lugenia,F
Luigi,M
Luisa,F
Luka,M
Lukas,M
Luke,M
Lula,F
Lula,M
Lular,F
Lulie,F
Lulla,F
Lulu,F
Lum,M
Lurline,F
Luster,M
Lute,M
Luther,M
Luverne,F
Luz,F
Lyda,F
Lydell,M
Lydia,F
Lyla,F
Lyle,M
Lyn,F
Lyn,M
Lynda,F
Lyndia,F
Lyndon,M
Lyndsay,F
Lynette,F
Lynn,M
Lynsey,F
Lyric,M
Mabell,F
Macel,F
Machelle,F
Macie,F
Mack,M
Mackenzie,F
Madaline,F
Madalyn,F
Madden,M
Maddison,F
Maddox,M
Madeleine,F
Madisyn,F
Madora,F
Madyson,F
Mae,F
Mae,M
Maegan,F
Maeve,F
Mafalda,F
Magdalena,F
Magen,F
Maggie,F
Mahala,F
Mahlon,M
Maiya,F
Major,M
Makaila,F
Makala,F
Makenna,F
Makhi,M
Malachi,M
Malcolm,M
Male,M
Malia,F
Malinda,F
Malissa,F
Malissie,F
Malorie,F
Malvina,F
Mamie,M
Mammie,F
Manda,F
Mandi,F
Mandie,F
Manervia,F
Manila,F
Manilla,F
Manley,M
Manly,M
Manson,M
Maralyn,F
Marceline,F
Marcello,M
Marcellus,M
Marci,F
Marcia,F
Marcie,F
Marcos,M
Marcy,F
Marely,F
Margaret,F
Margaret,M
Margarett,F
Margaretta,F
Marge,F
Margene,F
Margeret,F
Margery,F
Marget,F
Margo,F
Margot,F
Margretta,F
Marguerite,F
Margueritta,F
Margurite,F
Mari,F
Maria,F
Mariam,F
Marian,M
Marianita,F
Marianna,F
Marianne,F
Maribeth,F
Maricela,F
Marie,F
Marie,M
Mariela,F
Marietta,F
Marilee,F
Marilla,F
Marilou,F
Marilynn,F
Marin,F
Mario,M
Marisa,F
Marisela,F
Marissa,F
Marita,F
Mariyah,F
Mark,M
Markel,M
Markell,M
Markita,F
Marla,F
Marlana,F
Marleen,F
Marlen,F
Marlena,F
Marlene,F
Marlie,F
Marlo,F
Marlo,M
Marlon,M
Marlys,F
Marnie,F
Marolyn,F
Marques,M
Marquis,M
Marquise,M
Mart,M
Marta,F
Martell,M
Martha,F
Martha,M
Martine,F
Marty,M
Mary,M
Maryam,F
Marybeth,F
Maryellen,F
Maryjane,F
Maryjo,F
Marylee,F
Marylou,F
Marylouise,F
Mason,M
Mat,M
Mathew,M
Matias,M
Matilda,F
Matilde,F
Matteo,M
Matthew,M
Matthias,M
Mattie,F
Maud,F
Maud,M
Maude,F
Maurice,M
Mauricio,M
Maverick,M
Mavis,F
Maxie,M
Maxim,M
Maximilian,M
Maxwell,M
Maybelle,F
Maye,F
Mayo,M
Mcarthur,M
Mckenzie,F
Mckinley,M
Meagan,F
Mechelle,F
Medora,F
Meg,F
Meghan,F
Meghann,F
Melba,F
Melbourne,M
Melisa,F
Melissa,F
Melissa,M
Mell,F
Mell,M
Mellie,F
Melodee,F
Melody,F
Melonie,F
Melony,F
Melva,F
Melvina,F
Melvyn,M
Memphis,M
Mena,F
Mendy,F
Mercy,F
Meredith,F
Meredith,M
Merl,M
Merle,F
Merle,M
Merlene,F
Merna,F
Merrie,F
Merrill,M
Merrily,F
Merritt,M
Mertie,F
Merton,M
Mervin,M
Merwin,M
Meryl,F
Messiah,M
Meta,F
Meyer,M
Micayla,F
Michael,F
Michael,M
Michaela,F
Michaele,F
Michal,F
Michale,M
Michel,M
Michelle,M
Michial,M
Mickey,F
Mickey,M
Mickie,F
Migdalia,F
Miguel,M
Mikaila,F
Mikal,M
Mikalah,F
Mikel,M
Mikhail,M
Mila,F
Milagros,F
Milan,M
Milas,M
Milburn,M
Milda,F
Mildred,F
Miles,M
Milford,M
Millard,M
Miller,M
Millicent,F
Milly,F
Milo,M
Milton,M
Mimi,F
Mindi,F
Mindy,F
Miner,M
Minerva,F
Minervia,F
Minna,F
Minnie,F
Minnie,M
Minta,F
Miracle,F
Miranda,F
Mireya,F
Miriam,F
Mistie,F
Misty,F
Mitchel,M
Mittie,F
Miya,F
Moe,M
Mohammad,M
Mohammed,M
Moira,F
Moises,M
Mona,F
Monica,F
Monna,F
Monnie,F
Montana,F
Montana,M
Montel,M
Montgomery,M
Montie,F
Montrell,M
Montserrat,F
Moody,M
Mora,F
Mordechai,M
Moriah,F
Morton,M
Mozelle,F
Muhammad,M
Murl,F
Murphy,M
Mustafa,M
Mya,F
Mychal,M
Mylee,F
Mylie,F
Myra,F
Myranda,F
Myrl,F
Myrl,M
Myrna,F
Myron,M
Myrtice,F
Myrtis,F
Nada,F
Nadine,F
Najee,M
Nakia,F
Nakia,M
Nakisha,F
Nakita,F
Nallely,F
Nan,F
Nanci,F
Nancie,F
Nancy,F
Nancy,M
Nanie,F
Nanna,F
Naoma,F
Naomi,F
Napoleon,M
Narcissus,F
Nash,M
Nasir,M
Nat,M
Natalee,F
Natalia,F
Natalie,F
Nathalie,F
Nathaly,F
Nathen,M
Nautica,F
Nayely,F
Nealy,F
Ned,M
Nedra,F
Neha,F
Nehemiah,M
Neil,M
Nelie,F
Nell,F
Nella,F
Nello,M
Nelson,M
Neola,F
Neppie,F
Nereida,F
Nevada,F
Neveah,F
Nevin,M
Newman,M
Newt,M
Nicklaus,M
Nickolas,M
Nicole,F
Nicole,M
Nicolette,F
Nigel,M
Nikhil,M
Niki,F
Nikia,F
Nikki,F
Nikko,M
Nikole,F
Nila,F
Nile,M
Nils,M
Nim,M
Nina,F
Nira,F
Nita,F
Nobie,F
Noe,M
Noel,F
Noel,M
Noelle,F
Noemi,F
Noemie,F
Nohely,F
Noma,F
Nona,F
Nonie,F
Nora,F
Noreen,F
Norene,F
Noreta,F
Norine,F
Norita,F
Norman,M
Normand,M
Norris,M
Norton,M
Norval,M
Norwood,M
Nova,F
Novella,F
Nunzio,M
Nyasia,F
Nyree,F
Obie,M
Ocie,F
Octave,M
Oda,F
Oda,M
Odalys,F
Odelia,F
Odell,F
Odell,M
Odette,F
Odie,F
Odile,F
Odus,M
Ofelia,F
Okey,M
Oland,M
Ole,M
Olen,M
Olene,F
Oleta,F
Olevia,F
Olga,F
Olie,F
Olie,M
Olin,M
Oliva,F
Olive,M
Oliver,M
Olivine,F
Ollie,M
Olof,M
Olympia,F
Oma,F
Omar,M
Omari,M
Omer,M
Omie,F
Oneal,M
Oneta,F
Onie,F
Onnie,F
Opal,F
Opha,F
Ora,M
Oral,F
Oral,M
Oralia,F
Oran,M
Orange,M
Orelia,F
Oren,M
Orene,F
Orie,M
Orin,M
Orla,M
Orland,M
Orley,M
Orlin,M
Orlo,M
Orma,F
Orrie,M
Orval,M
Orvel,M
Orvin,M
Orvis,M
Osa,F
Osborn,M
Osie,M
Ossie,M
Osvaldo,M
Oswald,M
Oswaldo,M
Ota,F
Otis,M
Ottie,F
Ottilia,F
Ottilie,F
Ottis,M
Ouida,F
Ovila,M
Owen,M
Owens,M
Ozella,F
Ozie,F
Ozzie,M
Pablo,M
Paige,F
Pairlee,F
Pallie,F
Paloma,F
Pamela,F
Pamelia,F
Pamella,F
Pansy,F
Paola,F
Paralee,F
Parker,F
Parker,M
Parlee,F
Pat,F
Pat,M
Patric,M
Patrice,F
Patrick,M
Patsy,F
Patti,F
Pattie,F
Paul,F
Paul,M
Paula,F
Paulette,F
Paulina,F
Pauline,M
Paulo,M
Paxton,M
Payton,F
Payton,M
Pearl,F
Pearl,M
Pearle,F
Pearlene,F
Pearlie,F
Pearlie,M
Pearline,F
Pedro,M
Peggie,F
Peggy,F
Penelope,F
Penni,F
Penny,F
Pepper,F
Percival,M
Perla,F
Permelia,F
Perri,F
Perry,F
Pershing,M
Pete,M
Petra,F
Peyton,M
Phebe,F
Phillip,M
Philo,M
Philomena,F
Philomene,F
Phoebe,F
Phoenix,M
Phylicia,F
Phylis,F
Phyliss,F
Pierce,M
Pink,M
Pinkey,F
Piper,F
Ples,M
Pluma,F
Polk,M
Porfirio,M
Portia,F
Powell,M
Pranav,M
Pratt,M
Prentiss,M
Presley,F
Press,M
Preston,M
Price,M
Pricilla,F
Prince,M
Princess,F
Priscila,F
Prudie,F
Pryor,M
Purl,M
Qiana,F
Queen,F
Queenie,F
Quentin,M
Quiana,F
Quincy,M
Quint,M
Quinten,M
Quintin,M
Quinton,M
Racheal,F
Rachel,M
Racquel,F
Rae,F
Raekwon,M
Raelynn,F
Rafael,M
Rafaela,F
Rafe,M
Raheem,M
Rahn,M
Rahsaan,M
Raiden,M
Raina,F
Rakeem,M
Ralph,F
Ramon,M
Randal,M
Randall,M
Randi,F
Randle,M
Randy,F
Randy,M
Ransom,M
Raquel,F
Rashad,M
Rasheed,M
Raul,M
Raven,F
Raven,M
Rayan,M
Rayburn,M
Rayford,M
Raymon,M
Raymond,F
Raymundo,M
Raynard,M
Reagan,F
Reagan,M
Reatha,F
Rebeca,F
Rebecca,F
Rebecca,M
Redden,M
Redmond,M
Reed,M
Regan,M
Regena,F
Regina,F
Reginal,M
Regis,M
Reid,M
Reina,F
Reino,M
Rella,F
Remington,M
Rena,F
Renada,F
Renard,M
Rene,F
Rene,M
Renea,F
Reno,M
Ressie,F
Reta,F
Retha,F
Retta,F
Reubin,M
Reva,F
Rex,M
Rexford,M
Rey,M
Reyes,M
Reynaldo,M
Rheta,F
Rhett,M
Rhianna,F
Rhoda,F
Rhoda,M
Rian,M
Rianna,F
Ricardo,M
Ricci,M
Rich,M
Ricki,F
Ricki,M
Ridge,M
Rigoberto,M
Riley,F
Rinda,F
Risa,F
Rishi,M
Rita,F
Ritchie,M
Robb,M
Robbie,M
Robbin,F
Robby,M
Robert,F
Roberta,F
Roberto,M
Robt,M
Rock,M
Rocky,M
Rod,M
Roddy,M
Roderick,M
Rodger,M
Rodolfo,M
Rodrick,M
Rodrigo,M
Roel,M
Roena,F
Rogelio,M
Rohan,M
Rolanda,F
Rollie,M
Rollo,M
Roma,F
Roman,M
Rome,M
Romello,M
Romona,F
Ron,M
Ronald,M
Ronaldo,M
Ronan,M
Roni,F
Ronnie,F
Ronnie,M
Rosa,M
Rosabelle,F
Rosalia,F
Rosalie,F
Rosalind,F
Rosalinda,F
Rosann,F
Rosanna,F
Rosanne,F
Rosaria,F
Rosario,F
Rosario,M
Roscoe,M
Rose,F
Rose,M
Roseann,F
Rosella,F
Rosemary,F
Rosena,F
Rosendo,M
Rosevelt,M
Rosia,F
Rosie,F
Ross,M
Rossie,F
Rossie,M
Roswell,M
Rowland,M
Roxana,F
Roxann,F
Roxanna,F
Roxanne,F
Roxy,F
Roy,M
Royal,M
Rozanne,F
Rozella,F
Rube,M
Ruben,M
Rubie,F
Ruby,M
Rudy,M
Ruel,M
Rufus,M
Ruie,F
Rupert,M
Russ,M
Russell,M
Rusty,M
Rutha,F
Ruthie,F
Ryann,F
Ryder,M
Rylan,M
Ryland,M
Rylee,F
Rylee,M
Ryley,M
Rylie,F
Ryne,M
Sabastian,M
Sabina,F
Sable,F
Sada,F
Sade,F
Sadye,F
Saint,M
Sal,M
Sallie,F
Sally,F
Salome,F
Salomon,M
Samantha,F
Samantha,M
Samatha,F
Sammie,F
Samson,M
Samual,M
Samuel,M
Sanaa,F
Sanai,F
Sanders,M
Sandie,F
Sandy,F
Sandy,M
Saniya,F
Sannie,F
Santa,F
Santana,F
Santana,M
Santos,F
Santos,M
Sara,F
Sarahi,F
Sariah,F
Sarita,F
Sarrah,F
Sasha,F
Saul,M
Saundra,F
Savannah,F
Savion,M
Sawyer,M
Scarlet,F
Schley,M
Schuyler,M
Scott,F
Scott,M
Scottie,M
Scotty,M
Seamus,M
Sebastian,M
Sedrick,M
Selah,F
Seldon,M
Selene,F
Semaj,M
Seneca,M
Serena,F
Seth,M
Severo,M
Severt,M
Seward,M
Shade,M
Shae,F
Shafter,M
Shaina,F
Shakira,F
Shalon,F
Shamar,M
Shameka,F
Shamika,F
Shanae,F
Shanda,F
Shandra,F
Shane,M
Shaneka,F
Shanelle,F
Shani,F
Shanice,F
Shaniece,F
Shaniqua,F
Shanna,F
Shannon,M
Shanta,F
Shante,F
Shantell,F
Shaquan,M
Shaquana,F
Shaquita,F
Shara,F
Shardae,F
Sharde,F
Sharif,M
Sharla,F
Sharleen,F
Sharman,F
Sharon,F
Sharon,M
Sharron,F
Sharyl,F
Shatara,F
Shaun,F
Shaun,M
Shavon,F
Shavonne,F
Shawanda,F
Shawnda,F
Shawnee,F
Shawnte,F
Shay,M
Shayla,F
Shaylee,F
Shayna,F
Shayne,M
Shea,F
Shea,M
Sheila,F
Shelba,F
Shelia,F
Shelley,F
Shelley,M
Shelli,F
Shellie,F
Shelly,F
Shelton,M
Shelva,F
Shelvia,F
Shelvie,F
Shemar,M
Shena,F
Shep,M
Shepherd,M
Sheri,F
Sheridan,F
Sherie,F
Sherlyn,F
Sherrill,F
Sherry,F
Sherwin,M
Sherwood,M
Sheryl,F
Sheryll,F
Sheyla,F
Shiela,F
Shiloh,F
Shira,F
Shirl,F
Shirlee,F
Shirlene,F
Shirley,F
Shirley,M
Shirleyann,F
Shon,M
Shona,F
Shonna,F
Shyann,F
Shyanne,F
Shyheim,M
Shyla,F
Sibbie,F
Sidney,M
Siena,F
Sienna,F
Sierra,F
Sigmund,M
Signa,F
Signe,F
Sigrid,F
Sigurd,M
Silvester,M
Silvio,M
Sim,M
Simeon,M
Simmie,M
Sina,F
Sincere,M
Siobhan,F
Sister,F
Sky,F
Skylar,F
Skylar,M
Skyler,F
Skyler,M
Slade,M
Sofia,F
Solomon,M
Solon,M
Somer,F
Son,M
Sondra,F
Sonji,F
Sophie,F
Spencer,M
Spenser,M
Spring,F
Squire,M
Stacey,F
Stacey,M
Staci,F
Stacy,F
Stacy,M
Stanford,M
Stanley,M
Stanton,M
Starla,F
Starling,M
Stasia,F
Stefanie,F
Stephaine,F
Stephani,F
Stephania,F
Stephanie,F
Sterling,M
Stetson,M
Stevan,M
Steve,M
Steven,F
Steven,M
Stevie,M
Steward,M
Stewart,M
Stone,M
Stoney,M
Storm,M
Stuart,M
Sudie,F
Suellen,F
Sunday,F
Sunny,F
Susanna,F
Susannah,F
Susie,F
Susie,M
Suzanna,F
Suzanne,F
Suzette,F
Suzie,F
Sybilla,F
Sydell,F
Sydney,F
Sydney,M
Sydnie,F
Syed,M
Sylva,F
Sylvan,M
Sylvania,F
Sylvester,M
Symone,F
Tabatha,F
Tabitha,F
Tai,F
Taja,F
Takisha,F
Tal,M
Talen,M
Talia,F
Tallie,M
Talmadge,M
Talon,M
Tamala,F
Tamatha,F
Tameka,F
Tamera,F
Tamia,F
Tamika,F
Tamiko,F
Tammie,F
Tamya,F
Tana,F
Tandy,M
Tanesha,F
Tangela,F
Tanika,F
Tanisha,F
Taniya,F
Tarik,M
Tariq,M
Taryn,F
Tasha,F
Tasia,F
Tate,M
Tatia,F
Tatyana,F
Taurean,M
Tavaris,M
Tavian,M
Tavion,M
Tawny,F
Tawnya,F
Taya,F
Tayler,M
Taylor,M
Tayshaun,M
Tea,F
Teagan,F
Teagan,M
Ted,M
Teela,F
Tegan,M
Tella,F
Telly,M
Tena,F
Tenisha,F
Tennessee,F
Tennille,F
Tera,F
Terance,M
Terell,M
Terence,M
Teresa,F
Teressa,F
Terrell,M
Terri,F
Terrill,M
Terry,M
Tess,F
Texanna,F
Texie,F
Thea,F
Theda,F
Theodis,M
Theodora,F
Theodore,M
Theola,F
Theophile,M
Theresa,F
Therman,M
Theron,M
Theta,F
Thomas,F
Thomas,M
Thomasina,F
Thompson,M
Thor,M
Thora,F
Thornton,M
Thos,M
Thresa,F
Tia,F
Tiana,F
Tiara,F
Tiarra,F
Tiera,F
Tiesha,F
Tillie,F
Tilman,M
Timmie,M
Timmothy,M
Tiney,F
Tinie,F
Tiny,F
Tisa,F
Tishie,F
Tito,M
Tobe,M
Tobias,M
Tobin,M
Toby,F
Toccara,F
Todd,M
Tolbert,M
Tom,F
Tom,M
Toma,M
Tomasa,F
Tonda,F
Toni,F
Tonia,F
Tonya,F
Torey,M
Tori,F
Toriano,M
Torrance,M
Torrence,M
Torrey,M
Torrie,F
Tory,M
Toshiko,F
Toshio,M
Towanda,F
Trace,M
Tracey,M
Traci,F
Tracy,M
Trae,M
Travis,M
Tre,M
Tremaine,M
Trena,F
Trenten,M
Trenton,M
Tressie,F
Trevin,M
Trevor,M
Trey,M
Treyvon,M
Trinity,F
Trish,F
Trisha,F
Trista,F
Tristan,F
Tristan,M
Tristen,F
Tristen,M
Triston,M
Trudi,F
Trudie,F
Truman,M
Trystan,M
Tuan,M
Tula,F
Turner,M
Twila,F
Twyla,F
Tye,M
Tyesha,F
Tyler,F
Tyler,M
Tylor,M
Tyreese,M
Tyrek,M
Tyreke,M
Tyrell,M
Tyrik,M
Tyriq,M
Tyrone,M
Tyrus,M
Tyshawn,M
Tyson,M
Ula,F
Ulises,M
Ulysses,M
Una,F
Unnamed,M
Uriah,M
Urijah,M
Ursula,F
Vada,F
Valarie,F
Valencia,F
Valentin,M
Valentina,F
Valentine,F
Valentine,M
Valerie,F
Valinda,F
Vallie,F
Van,M
Vannie,F
Vara,F
Vashon,M
Vashti,F
Vassie,F
Veda,F
Velda,F
Velma,F
Velva,F
Velvet,F
Vena,F
Venessa,F
Venice,F
Venie,F
Venita,F
Venus,F
Verda,F
Verdell,F
Verdie,F
Verena,F
Vergie,F
Vergil,M
Verlene,F
Verlie,F
Verlon,M
Verna,M
Vernal,M
Verne,F
Vernell,M
Vernelle,F
Vernetta,F
Vernia,F
Vernice,F
Vernie,M
Vernon,F
Verona,F
Veronica,F
Vertie,F
Vesta,F
Vester,M
Veta,F
Vick,M
Vicki,F
Vicky,F
Victor,M
Victoria,F
Victorine,F
Vicy,F
Vida,F
Vidal,M
Vikki,F
Villa,F
Vilma,F
Vina,F
Vince,M
Vincenzo,M
Vinie,F
Vinton,M
Viola,F
Violet,F
Violeta,F
Violetta,F
Virgie,F
Virgil,M
Virginia,M
Virgle,M
Vito,M
Vivian,M
Vlasta,F
Vollie,M
Vonnie,F
Waino,M
Waldo,M
Wallace,M
Walt,M
Walter,M
Walton,M
Wanda,F
Waneta,F
Wanita,F
Ward,M
Wardell,M
Wava,F
Wayde,M
Wayland,M
Waylon,M
Webb,M
Webster,M
Wells,M
Welton,M
Wendy,F
Wenzel,M
West,M
Weston,M
Whitley,F
Whitney,M
Wilbert,M
Wilbur,M
Wilfred,M
Wilfredo,M
Wilfrid,M
Wilhelmina,F
Wilhelmine,F
Wiliam,M
Wilkie,M
Will,F
Willa,F
Willaim,M
Willam,M
Willard,M
Willian,M
Williard,M
Willie,F
Willie,M
Willodean,F
Willow,F
Wilton,M
Windell,M
Windy,F
Winford,M
Winston,M
Wong,M
Woodie,M
Woodroe,M
Woodrow,M
Worth,M
Wylie,M
Xander,M
Yael,M
Yajaira,F
Yamilet,F
Yamilex,F
Yancy,M
Yandel,M
Yareli,F
Yaritza,F
Yasmeen,F
Yazmin,F
Yee,M
Yehuda,M
Yessenia,F
Yetta,F
Yolanda,F
Young,M
Yulisa,F
Yurem,M
Yuridia,F
Yvette,F
Yvonne,F
Zachary,M
Zack,M
Zada,F
Zadie,F
Zakary,M
Zana,F
Zander,M
Zandra,F
Zane,M
Zara,F
Zariah,F
Zayden,M
Zayne,M
Zebulon,M
Zechariah,M
Zeke,M
Zela,F
Zelia,F
Zelma,F
Zeno,M
Zenobia,F
Zeta,F
Zetta,F
Zettie,F
Zhane,F
Zigmund,M
Zillah,F
Zilpah,F
Zilpha,F
Zion,F
Zion,M
Zoa,F
Zoey,F
Zoie,F
Zola,F
