surname,qualifier
Abaloz,english
Abaunza,english
Abdeldayen,english
Abdi,english
Abella,english
Acimovic,english
Acklen,english
Acothley,english
Acquaviva,english
Ada,english
Adan,english
Adlam,english
Adriance,english
Adriano,english
Aerni,english
Aggas,english
Agostini,english
Aguiar,english
Aharoni,english
Ahrendes,english
Aikman,english
Ainslie,english
Aker,english
Akey,english
Alar,english
Alberthal,english
Aldaz,english
Alderton,english
Alexandre,english
Alexis,english
Allio,english
Allwardt,english
Almanzar,english
Alosta,english
Alper,english
Alsheimer,english
Alshouse,english
Altadonna,english
Altomare,english
Alumbaugh,english
Amburn,english
Amoroso,english
Amstutz,english
Ancel,english
Anda,english
Ander,english
Anders,english
Andrada,english
Andrea,english
Angeron,english
Angove,english
Anidi,english
Antonsen,english
Antwine,english
Anzaldo,english
Appelgate,english
Appleman,english
Applewhite,english
Ar,english
Aragoni,english
Arcaro,english
Arce,english
Arfman,english
Argue,english
Ariail,english
Arigo,english
Arita,english
Arlinghaus,english
Armeli,english
Armento,english
Arrand,english
Arritola,english
Aschbacher,english
Ashlock,english
Ashwood,english
Aslett,english
Aucoin,english
Aughe,english
Aukamp,english
Aumich,english
Ausbrooks,english
Avans,english
Aversa,english
Axt,english
Ayling,english
Baerg,english
Bald,english
Baldassare,english
Baldomero,english
Baldrige,english
Ballin,english
Bangle,english
Barabin,english
Barayuga,english
Barbosa,english
Barbre,english
Baresi,english
Barillari,english
Bark,english
Barkley,english
Barno,english
Barrasa,english
Barrell,english
Barsotti,english
Bartolini,english
Barton,english
Baselice,english
Basgall,english
Basha,english
Batko,english
Battee,english
Battiest,english
Battisti,english
Batzri,english
Bauch,english
Baumhoer,english
Baures,english
Beaureguard,english
Beckles,english
Beckworth,english
Bedell,english
Bednarek,english
Beghtol,english
Begun,english
Bein,english
Bejger,english
Belgarde,english
Beliard,english
Beloff,english
Bencosme,english
Benejan,english
Benfield,english
Benthin,english
Benton,english
Berges,english
Bergstrom,english
Berland,english
Bernand,english
Berthiaume,english
Besanson,english
Beshore,english
Bessire,english
Betance,english
Beute,english
Bewig,english
Bhagat,english
Bickel,english
Bickell,english
Bideaux,english
Bigas,english
Binderup,english
Binger,english
Birak,english
Birrueta,english
Bishel,english
Bjerken,english
Bjornstrom,english
Blackington,english
Blacksmith,english
Blaine,english
Blaise,english
Blakeslee,english
Blatti,english
Blaydon,english
Bloise,english
Blyze,english
Bobzien,english
Boddorf,english
Bodkin,english
Bodner,english
Boehlke,english
Boeneke,english
Boerma,english
Boersma,english
Bogacz,english
Bogatitus,english
Bogus,english
Boisuert,english
Bolan,english
Bole,english
Bombich,english
Bomilla,english
Bompiani,english
Bonam,english
Bondoc,english
Bonvillain,english
Booton,english
Borde,english
Borgstrom,english
Borkowski,english
Boshers,english
Bossert,english
Botero,english
Bothof,english
Bottolene,english
Bou,english
Bouch,english
Bouchillon,english
Boughman,english
Boulet,english
Bounleut,english
Boustead,english
Bouvia,english
Bowdle,english
Bowels,english
Bowgren,english
Boykin,english
Brachman,english
Brackett,english
Braget,english
Brahney,english
Brangan,english
Branigan,english
Brasby,english
Bratek,english
Brath,english
Breedan,english
Brenes,english
Brent,english
Bresett,english
Breyfogle,english
Brez,english
Briddick,english
Brightbill,english
Brimage,english
Brimhall,english
Brindamour,english
Bringham,english
Brinkmeier,english
Bristle,english
Bristo,english
Britto,english
Brockel,english
Brody,english
Brookman,english
Broomhead,english
Brow,english
Brownley,english
Bruckman,english
Bucey,english
Buchsbaum,english
Bucknor,english
Buendia,english
Buening,english
Buggs,english
Buhr,english
Bulinski,english
Bulla,english
Buller,english
Bundage,english
Burggraf,english
Burgraff,english
Burres,english
Burrola,english
Busard,english
Bussert,english
Butchko,english
Butkiewicz,english
Buys,english
Bye,english
Cabeza,english
Cabotage,english
Calamare,english
Calchera,english
Calder,english
Callez,english
Callister,english
Calvert,english
Calvey,english
Camara,english
Camarillo,english
Camel,english
Cance,english
Canete,english
Cantor,english
Capen,english
Capito,english
Cappo,english
Cardarelli,english
Cardazone,english
Cardone,english
Carideo,english
Carlan,english
Carlee,english
Carmley,english
Carraher,english
Carrara,english
Carratura,english
Carrig,english
Carrio,english
Cascone,english
Cassette,english
Castaner,english
Castellani,english
Castellano,english
Castellion,english
Castile,english
Castine,english
Catton,english
Caudill,english
Caudy,english
Cavaiani,english
Cdebaca,english
Cerao,english
Cerna,english
Cesa,english
Cestero,english
Chadwell,english
Challinor,english
Chancellor,english
Charle,english
Charry,english
Chasin,english
Cheever,english
Chell,english
Chevere,english
Chevis,english
Cheyne,english
Chez,english
Chhor,english
Chiappone,english
Chihuahua,english
Ching,english
Chor,english
Chou,english
Choun,english
Chudej,english
Chumley,english
Chura,english
Cicoria,english
Cierpke,english
Claiborne,english
Cleckner,english
Clesen,english
Coalter,english
Cockfield,english
Cockley,english
Codell,english
Colaizzo,english
Colicchio,english
Conant,english
Conatser,english
Conlon,english
Connor,english
Conran,english
Consoli,english
Conti,english
Conwell,english
Cooey,english
Coontz,english
Cordovi,english
Coronado,english
Cosgrove,english
Costner,english
Cottman,english
Cournoyer,english
Cowles,english
Coyne,english
Cragg,english
Craiger,english
Craveiro,english
Creacy,english
Creecy,english
Creggett,english
Crespino,english
Crim,english
Crispen,english
Crist,english
Croshaw,english
Crotts,english
Crumm,english
Crumrine,english
Cuccaro,english
Cuddington,english
Cuffie,english
Cullifer,english
Cumby,english
Cuppett,english
Curbow,english
Cushenberry,english
Cushingberry,english
Cushner,english
Cyran,english
Dadisman,english
Dae,english
Dago,english
Dahley,english
Dailing,english
Daisley,english
Dallavalle,english
Damelio,english
Damon,english
Dancause,english
Danz,english
Darby,english
Darcus,english
Darjean,english
Darrup,english
Darvile,english
Dasouza,english
Daughrity,english
Davidowicz,english
Davney,english
Deal,english
Dearstyne,english
Deblanc,english
Debrot,english
Declouette,english
Dees,english
Defibaugh,english
Deforge,english
Degenhardt,english
Deir,english
Deis,english
Dejulio,english
Dekany,english
Dekorne,english
Delamarter,english
Delcid,english
Delcour,english
Deleonardis,english
Delevik,english
Delgenio,english
Deller,english
Delmundo,english
Deluzio,english
Dematos,english
Demshar,english
Denger,english
Denherder,english
Denofrio,english
Denoon,english
Denson,english
Depeyster,english
Depuy,english
Deramus,english
Derentis,english
Deridder,english
Deschino,english
Deshon,english
Detillion,english
Devall,english
Deville,english
Dewyse,english
Dickes,english
Dickie,english
Diehm,english
Diesi,english
Digennaro,english
Distad,english
Dobison,english
Dockal,english
Dodgion,english
Doetsch,english
Doire,english
Dollahite,english
Domann,english
Dombroski,english
Domek,english
Domingues,english
Donawa,english
Doncaster,english
Donica,english
Dosh,english
Dossman,english
Douyette,english
Dowlin,english
Downie,english
Drabant,english
Drabek,english
Drafts,english
Drake,english
Drejka,english
Drennon,english
Dreuitt,english
Droesch,english
Drowne,english
Drumheller,english
Drumm,english
Dua,english
Dubs,english
Duch,english
Dudenhoeffer,english
Duet,english
Duguay,english
Dumas,english
Dunahoe,english
Dunegan,english
Dunmore,english
Dunnavant,english
Durden,english
Durhan,english
Durkins,english
Durnan,english
Dusak,english
Duszynski,english
Dwyer,english
Dyen,english
Dzubak,english
Ealey,english
Easton,english
Ebadi,english
Ebsen,english
Echevarria,english
Eckrich,english
Edenfield,english
Edgin,english
Edleston,english
Effler,english
Egge,english
Ehrlich,english
Eichenberger,english
Eighmy,english
Eilerman,english
Elem,english
Elizarraras,english
Ellerbe,english
Ellerd,english
Elling,english
Ellyson,english
Emberling,english
Emerald,english
Emmons,english
Engbretson,english
Engemann,english
Eppert,english
Eppes,english
Epple,english
Erne,english
Eslinger,english
Esmont,english
Esquea,english
Etling,english
Everidge,english
Everline,english
Ewert,english
Eyerman,english
Eyler,english
Eytcheson,english
Falco,english
Falla,english
Falter,english
Fasano,english
Faulkenberry,english
Favero,english
Fawell,english
Fazzina,english
Feauto,english
Feduccia,english
Fee,english
Feemster,english
Fegles,english
Fehn,english
Feild,english
Ferencz,english
Fergerson,english
Fernandes,english
Feroz,english
Ferringo,english
Ferrufino,english
Festa,english
Fialho,english
Fichera,english
Fick,english
Figura,english
Finazzo,english
Fini,english
Fioto,english
Fitzke,english
Fitzrandolph,english
Flechas,english
Fleishman,english
Flickner,english
Flockhart,english
Fluharty,english
Flury,english
Fode,english
Fogg,english
Foisy,english
Fok,english
Fonesca,english
Fontana,english
Foppe,english
Forbess,english
Forester,english
Forgy,english
Fornicola,english
Fornier,english
Forshay,english
Forsman,english
Fossati,english
Foulk,english
Fradkin,english
Fraher,english
Frames,english
Franciosa,english
Franckowiak,english
Franco,english
Fravel,english
Fred,english
Freehoffer,english
Freelon,english
Freguson,english
Frens,english
Frietsch,english
Frija,english
Fristoe,english
Frodsham,english
Frohling,english
Fromdahl,english
Fuell,english
Fugatt,english
Fugo,english
Fullilove,english
Funches,english
Fundis,english
Furlan,english
Fusilier,english
Fydenkevez,english
Gaekle,english
Gahan,english
Gailis,english
Galeano,english
Galen,english
Galioto,english
Gallacher,english
Gallaga,english
Galleta,english
Galway,english
Gambel,english
Gambrel,english
Gandee,english
Gangelhoff,english
Garacci,english
Garraway,english
Gaton,english
Gavett,english
Gealy,english
Geary,english
Geho,english
Geier,english
Gembe,english
Geoffrey,english
Georgiana,english
Gephart,english
Geralds,english
Gering,english
Gerland,english
Germano,english
Gersten,english
Gess,english
Ghazal,english
Ghiringhelli,english
Giachino,english
Giandomenico,english
Giebler,english
Gieger,english
Giegerich,english
Gies,english
Gil,english
Gilbreth,english
Gildon,english
Gillice,english
Gilroy,english
Gilzow,english
Ginoza,english
Girardi,english
Girdler,english
Girven,english
Glaab,english
Gladu,english
Glance,english
Glessing,english
Glomb,english
Gochnour,english
Godbold,english
Goettman,english
Goldermann,english
Goliday,english
Gollman,english
Gomoll,english
Gonzalos,english
Gorrindo,english
Gorsline,english
Gosche,english
Gossard,english
Gothier,english
Gough,english
Gover,english
Govindeisami,english
Gowdy,english
Grace,english
Graci,english
Gradford,english
Gradillas,english
Graeser,english
Grain,english
Grasmick,english
Grebel,english
Greenfeld,english
Greengo,english
Grissam,english
Grubel,english
Gruenberg,english
Grumbine,english
Grumney,english
Grzybowski,english
Gu,english
Guckin,english
Guebara,english
Guest,english
Guillary,english
Guinan,english
Gula,english
Gumbs,english
Gummersheimer,english
Gunthrop,english
Gunyan,english
Gunzelman,english
Gurin,english
Gurnsey,english
Gutekunst,english
Hable,english
Haffner,english
Hagans,english
Hagberg,english
Haggerty,english
Haile,english
Hainesworth,english
Haitz,english
Hajek,english
Hakanson,english
Haldiman,english
Halfmann,english
Hallan,english
Halligan,english
Hallmark,english
Halt,english
Hamernik,english
Hammrich,english
Haney,english
Hantzarides,english
Hao,english
Haque,english
Haraldson,english
Haran,english
Haraway,english
Harbeck,english
Harbert,english
Hardgrave,english
Harkleroad,english
Harradine,english
Harrell,english
Harsin,english
Hartmann,english
Hartog,english
Hartrum,english
Harvath,english
Hasenberg,english
Haskett,english
Hausler,english
Hayhurst,english
Hazleton,english
Heaslet,english
Heberle,english
Heckart,english
Hedemann,english
Hedrington,english
Heesch,english
Heffelbower,english
Hegyi,english
Heidebrink,english
Heidgerken,english
Heiser,english
Helberg,english
Hellyer,english
Helmly,english
Helphenstine,english
Helstad,english
Helvie,english
Helzer,english
Henkin,english
Henthorn,english
Hernanders,english
Herwehe,english
Hessong,english
Hethcote,english
Heuett,english
Heumann,english
Heyward,english
Hibben,english
Hibbets,english
Hibbetts,english
Hielscher,english
Higgenbottom,english
Hilbert,english
Hildman,english
Hilke,english
Hilla,english
Hillers,english
Hilzer,english
Hineman,english
Hinkson,english
Hintson,english
Hippert,english
Hipsher,english
Hirata,english
Hire,english
Hirpara,english
Hitzeman,english
Hochstine,english
Hodermarsky,english
Hodgen,english
Hogelin,english
Hoggard,english
Hokes,english
Holdness,english
Hollen,english
Hollo,english
Holyoak,english
Hon,english
Honeywell,english
Honie,english
Hoof,english
Hool,english
Hopson,english
Horio,english
Horten,english
Hose,english
Houlberg,english
Houzah,english
Hovnanian,english
Huckaby,english
Huddy,english
Hudspeth,english
Hueftle,english
Huertas,english
Huh,english
Hultquist,english
Hultz,english
Humpries,english
Hutson,english
Hydrick,english
Hyndman,english
Hysom,english
Iadarola,english
Iarossi,english
Igo,english
Ihde,english
Iles,english
Ilg,english
Ille,english
Inaba,english
Iniestra,english
Innis,english
Inscore,english
Interrante,english
Isaman,english
Isch,english
Ishman,english
Ivel,english
Izak,english
Jagher,english
Jakobsen,english
Jameson,english
Janofsky,english
Jardin,english
Jarecke,english
Jarred,english
Jarzynka,english
Jaskolski,english
Jayo,english
Jazwa,english
Jeltema,english
Jermeland,english
Jeske,english
Jessee,english
Ji,english
Jimmerson,english
Joern,english
Joss,english
Journey,english
Jozsa,english
Ju,english
Juarbe,english
Juarez,english
June,english
Junes,english
Juntunen,english
Jurkovich,english
Kadakia,english
Kailiponi,english
Kaller,english
Kamai,english
Kamealoha,english
Kamin,english
Kander,english
Kandoll,english
Kanealii,english
Kanter,english
Kapphahn,english
Karatz,english
Kasmarek,english
Kasparek,english
Katis,english
Kava,english
Kay,english
Kean,english
Kear,english
Keely,english
Keenum,english
Kellon,english
Keltz,english
Kempfer,english
Kendall,english
Kennie,english
Kennin,english
Kenyon,english
Keomanivong,english
Kerl,english
Kester,english
Keto,english
Kettmann,english
Keveth,english
Keylor,english
Kilgo,english
Killion,english
Kilpatrick,english
Kimble,english
Kimbro,english
Kincannon,english
Kinnick,english
Kins,english
Kintopp,english
Kirbo,english
Kirkbride,english
Kirouac,english
Kissam,english
Klaft,english
Klancnik,english
Klapec,english
Klarman,english
Klebes,english
Klecha,english
Klever,english
Kliever,english
Klimaszewski,english
Kloss,english
Knehans,english
Knickrehm,english
Knittle,english
Knoechel,english
Knoepke,english
Kobel,english
Koebley,english
Kolinsky,english
Kolts,english
Koppang,english
Korinek,english
Koritko,english
Kornrumpf,english
Korzep,english
Kostis,english
Kotler,english
Kozubal,english
Kraner,english
Krenzke,english
Kretlow,english
Kriegh,english
Krueger,english
Krupka,english
Krupke,english
Krus,english
Kubicz,english
Kubler,english
Kuczynski,english
Kuhlenschmidt,english
Kukahiko,english
Kulseth,english
Kupetz,english
Kurkowski,english
Kushnir,english
Kuster,english
Labrune,english
Lacewell,english
Lach,english
Lachance,english
Laducer,english
Laeger,english
Lagarde,english
Lagroon,english
Laiche,english
Lalande,english
Laliotis,english
Lamagna,english
Lamarch,english
Lambert,english
Landolfi,english
Landry,english
Landsaw,english
Langanke,english
Langeland,english
Langfitt,english
Lank,english
Lanton,english
Laplaunt,english
Lard,english
Larence,english
Larranaga,english
Lasanta,english
Lassa,english
Lautenschlage,english
Lawerance,english
Lazenby,english
Lazier,english
Lazott,english
Lecates,english
Ledin,english
Leemaster,english
Lefkowitz,english
Lefler,english
Legel,english
Leger,english
Lehane,english
Lehenbauer,english
Lehneis,english
Leialoha,english
Leiber,english
Lemm,english
Lengle,english
Lenk,english
Lenske,english
Leonello,english
Lermon,english
Lerow,english
Lesser,english
Leverson,english
Levinthal,english
Levra,english
Lewellen,english
Libera,english
Liddiard,english
Lieng,english
Liestman,english
Likes,english
Liljenquist,english
Lindie,english
Lindmeyer,english
Linhart,english
Linnear,english
Lipner,english
Lippeatt,english
Lippert,english
Liptrot,english
Liv,english
Livi,english
Llyod,english
Loach,english
Loban,english
Lobregat,english
Loeffler,english
Loggens,english
Loiselle,english
Lokaphone,english
Lombardo,english
Longenberger,english
Longknife,english
Longworth,english
Lonon,english
Lopey,english
Losey,english
Loso,english
Louch,english
Loughran,english
Loughrey,english
Lovet,english
Lozeau,english
Luben,english
Lucion,english
Ludeman,english
Ludolph,english
Lueck,english
Luffman,english
Luhnow,english
Lukianov,english
Lurry,english
Luth,english
Lutz,english
Luzar,english
Lydic,english
Macculloch,english
Macinnis,english
Mackeen,english
Mackinlay,english
Maclain,english
Macmahon,english
Madagan,english
Madan,english
Madinger,english
Maglioli,english
Maid,english
Maikoksoong,english
Malan,english
Malet,english
Malo,english
Malphurs,english
Maltba,english
Mam,english
Mancia,english
Manges,english
Manicchio,english
Manikas,english
Maniscalco,english
Manna,english
Mansell,english
Mansukhani,english
Mantyla,english
Manza,english
Manzay,english
Marak,english
Marbley,english
Marchaland,english
Marcial,english
Marcin,english
Marcon,english
Marksbury,english
Marsingill,english
Marsolek,english
Marta,english
Martorano,english
Marty,english
Marzigliano,english
Massee,english
Masunaga,english
Matkowski,english
Matlin,english
Matsu,english
Mattes,english
Matthai,english
Mattinson,english
Maurer,english
Mayhood,english
Mays,english
Mazuera,english
Mazurk,english
Mazzei,english
McAdam,english
McAskill,english
McCahill,english
McClement,english
McClenic,english
McClurkin,english
McCommon,english
McDougald,english
McElfresh,english
McElhenney,english
McElmury,english
McElveen,english
McEwin,english
McFarling,english
McGhee,english
McGlothlin,english
McKusker,english
McLeon,english
McMannus,english
McNutt,english
McPhearson,english
Meager,english
Meas,english
Medlock,english
Mego,english
Meline,english
Mellberg,english
Mender,english
Menesez,english
Menger,english
Menghini,english
Menist,english
Menjivar,english
Mennenga,english
Menucci,english
Mercedes,english
Merette,english
Merfeld,english
Merrell,english
Merseal,english
Meschke,english
Mestre,english
Metzga,english
Mierzwinski,english
Mihor,english
Milar,english
Milewski,english
Millette,english
Milsap,english
Milum,english
Mindell,english
Mingee,english
Minors,english
Mins,english
Mione,english
Miosky,english
Mirchandani,english
Mirman,english
Misner,english
Mitten,english
Moczygemba,english
Moffitt,english
Mofield,english
Molitor,english
Mollenhauer,english
Mondoux,english
Mones,english
Moneymaker,english
Monnot,english
Montayes,english
Montemurro,english
Monteverde,english
Montjoy,english
Montrella,english
Morales,english
Morar,english
Morasch,english
Morgante,english
Morganti,english
Morgen,english
Morimoto,english
Morsbach,english
Moultrie,english
Mozak,english
Mudgett,english
Mulhern,english
Muncil,english
Mundahl,english
Munnerlyn,english
Munro,english
Munshi,english
Mura,english
Mure,english
Murnane,english
Murthy,english
Musante,english
Muschamp,english
Musilli,english
Musolf,english
Muta,english
Muthana,english
Mutton,english
Nadile,english
Naecker,english
Nailer,english
Nakayama,english
Naselli,english
Nasson,english
Nattiah,english
Nayar,english
Nazaire,english
Neault,english
Neblock,english
Nemitz,english
Nesin,english
Ness,english
Netherton,english
Neuby,english
Newborn,english
Newcomer,english
Newmark,english
Neyhart,english
Nez,english
Nicolas,english
Nicoll,english
Niebyl,english
Nield,english
Nienaber,english
Nighman,english
Nighswander,english
Nimmo,english
Nimura,english
Nishina,english
Nitchman,english
Nodd,english
Noori,english
Noth,english
Nuckels,english
Nugal,english
Nyulassy,english
Oberlies,english
Obleness,english
Oborne,english
Oborny,english
Ocampo,english
Ocran,english
Oertel,english
Ohashi,english
Ohlsson,english
Olano,english
Oliva,english
Olivares,english
Olivarres,english
Olores,english
Olowe,english
Olp,english
Olson,english
Onks,english
Orebaugh,english
Orender,english
Oris,english
Orlikowski,english
Ortlieb,english
Osaki,english
Osinski,english
Ostrem,english
Ottogary,english
Outzen,english
Overbee,english
Overton,english
Ovit,english
Padillia,english
Padley,english
Pagnello,english
Pak,english
Palacious,english
Paladini,english
Paleo,english
Pana,english
Panarella,english
Pankow,english
Pappa,english
Paramore,english
Parchment,english
Pardun,english
Parkers,english
Parmele,english
Parrinello,english
Pascale,english
Pasculli,english
Paster,english
Pastora,english
Patchett,english
Patruno,english
Pauk,english
Pauker,english
Pawlicki,english
Pears,english
Peckham,english
Pedrozo,english
Peet,english
Pelikan,english
Pellett,english
Pemble,english
Pembrook,english
Penner,english
Pent,english
Penzien,english
Peroff,english
Perra,english
Persad,english
Perugini,english
Peschong,english
Pettry,english
Pfefferle,english
Pfister,english
Pfnister,english
Phetteplace,english
Phoenix,english
Phurrough,english
Picerni,english
Picken,english
Piermont,english
Pieters,english
Pietrzykowski,english
Pigue,english
Piirto,english
Pillai,english
Pincock,english
Pinick,english
Pinzon,english
Piombino,english
Piontkowski,english
Pirtle,english
Plakke,english
Plan,english
Plant,english
Plassmeyer,english
Pleasure,english
Pleskac,english
Pluhar,english
Plumadore,english
Poczobut,english
Podraza,english
Polka,english
Pollinger,english
Poltorak,english
Polvino,english
Poma,english
Popejoy,english
Popwell,english
Porowski,english
Portello,english
Portune,english
Postemski,english
Poston,english
Pouge,english
Poux,english
Prauner,english
Preddy,english
Preisach,english
Presnar,english
Pritchett,english
Prochnow,english
Prokos,english
Propper,english
Prosak,english
Pruyne,english
Przybyla,english
Puello,english
Puga,english
Puna,english
Purviance,english
Pusateri,english
Pytlovany,english
Quaglieri,english
Quinby,english
Quintas,english
Quispe,english
Raber,english
Racano,english
Radakovich,english
Rafala,english
Rafidi,english
Ragon,english
Rahal,english
Raina,english
Raisin,english
Ramadan,english
Ramcharan,english
Ramseyer,english
Ramshur,english
Randles,english
Rankhorn,english
Ransone,english
Rapanot,english
Raschke,english
Rathburn,english
Rathgeb,english
Ravi,english
Raw,english
Rawe,english
Razo,english
Reading,english
Reager,english
Reasoner,english
Reckers,english
Regener,english
Reiche,english
Reichenback,english
Reidel,english
Reimmer,english
Reisert,english
Remis,english
Rempel,english
Renn,english
Reon,english
Repress,english
Resetar,english
Respicio,english
Restifo,english
Resto,english
Reuss,english
Revermann,english
Rewerts,english
Reyer,english
Reyes,english
Rhule,english
Ribron,english
Ricardi,english
Riccardi,english
Ricciardelli,english
Rienstra,english
Riesner,english
Riggings,english
Rikard,english
Ringhouse,english
Rittie,english
Rivello,english
Rizal,english
Rizzotto,english
Roacho,english
Roads,english
Roane,english
Robers,english
Robert,english
Robideau,english
Roblez,english
Rodda,english
Rodrigue,english
Roe,english
Roffe,english
Roldan,english
Roman,english
Romanchuk,english
Rombach,english
Rosalez,english
Rosebush,english
Rosekrans,english
Rossman,english
Rotanelli,english
Rotondi,english
Rozzelle,english
Ruchti,english
Ruckdeschel,english
Rudder,english
Rudy,english
Rueb,english
Ruell,english
Runions,english
Rupprecht,english
Ruzbasan,english
Sabota,english
Sackos,english
Sadlon,english
Saetern,english
Sagastegui,english
Sahu,english
Saia,english
Saice,english
Saitta,english
Sajdak,english
Salamacha,english
Salb,english
Saliba,english
Salim,english
Saling,english
Salmonson,english
Saluan,english
Salvesen,english
Salzano,english
Sanasith,english
Sandeen,english
Sandidge,english
Sanluis,english
Sansbury,english
Santarpia,english
Santigo,english
Sanzo,english
Sanzotta,english
Sarff,english
Sarka,english
Sarli,english
Sarro,english
Sarsfield,english
Sarvis,english
Saunder,english
Saupe,english
Savel,english
Sayavong,english
Scacco,english
Scarles,english
Scarola,english
Schattschneid,english
Schauble,english
Scheets,english
Scheib,english
Schenewerk,english
Scheno,english
Schieferstein,english
Schilmoeller,english
Schilsky,english
Schimek,english
Schlee,english
Schleider,english
Schlieter,english
Schmitz,english
Schnabel,english
Schnader,english
Schnarrs,english
Schneiders,english
Schoenthal,english
Schomas,english
Schopp,english
Schrauger,english
Schrecker,english
Schreimann,english
Schuerholz,english
Schumm,english
Schur,english
Schwebel,english
Schweitzer,english
Scialdone,english
Scircle,english
Sclafani,english
Scripter,english
Scriuner,english
Seabrook,english
Seacat,english
Seaney,english
Seary,english
Secor,english
Sedlack,english
Sedlak,english
Sedlay,english
Seebold,english
Seeholzer,english
Sees,english
Segala,english
Segui,english
Sek,english
Sellberg,english
Selvera,english
Semler,english
Senemounnarat,english
Sensmeier,english
Serapion,english
Sers,english
Sessa,english
Seuell,english
Severy,english
Sevy,english
Sha,english
Shabel,english
Shaddox,english
Shadid,english
Shammaa,english
Shawcroft,english
Shepley,english
Sherard,english
Sherrange,english
Sherretts,english
Shetter,english
Shetterly,english
Shevlin,english
Shiers,english
Shimizu,english
Shotton,english
Shoumaker,english
Shovlin,english
Shrader,english
Shrieves,english
Shubert,english
Shupe,english
Si,english
Sickle,english
Sickler,english
Siefke,english
Siepker,english
Sieren,english
Sievel,english
Siford,english
Sil,english
Silberberg,english
Silsbee,english
Simington,english
Simms,english
Sipos,english
Siqueiros,english
Sitsler,english
Skaare,english
Skidmore,english
Skoien,english
Skolfield,english
Skorupski,english
Skrocki,english
Skutnik,english
Slaughter,english
Slavens,english
Slepski,english
Slostad,english
Sluss,english
Smeathers,english
Smeck,english
Smelley,english
Smouse,english
Snorton,english
Soans,english
Sobrowski,english
Soderman,english
Soderstrom,english
Sohr,english
Soifer,english
Soldavini,english
Soles,english
Sollis,english
Solverson,english
Sommese,english
Sornsen,english
Sorsby,english
Sorvillo,english
Soshnik,english
Sostre,english
Soucek,english
Soverns,english
Soyke,english
Spagnola,english
Spalding,english
Spatafore,english
Sperandio,english
Spice,english
Spillett,english
Spillman,english
Spilman,english
Spivack,english
Splain,english
Sporn,english
Spray,english
Sprunk,english
Spyies,english
Staats,english
Staehler,english
Standridge,english
Stanforth,english
Staser,english
Staum,english
Stautz,english
Stefl,english
Steggeman,english
Stemler,english
Stemple,english
Stepaniak,english
Stern,english
Stidam,english
Stiff,english
Stigall,english
Stilley,english
Stilts,english
Stlouis,english
Stockfisch,english
Stokke,english
Stonestreet,english
Stoodley,english
Stoot,english
Stotsky,english
Stoval,english
Stram,english
Strasburg,english
Streett,english
Strevell,english
Strike,english
Strimel,english
Strite,english
Strumpf,english
Stuck,english
Sturkie,english
Subia,english
Suga,english
Sulek,english
Sulima,english
Suneson,english
Super,english
Surface,english
Sutt,english
Sutton,english
Swaggert,english
Swanke,english
Swearingen,english
Swenor,english
Sydow,english
Szopinski,english
Taback,english
Tabak,english
Tacheny,english
Tagge,english
Taillon,english
Taing,english
Tamburrelli,english
Tanenbaum,english
Tannahill,english
Tarlow,english
Tasson,english
Tavenner,english
Tayor,english
Teaque,english
Teeter,english
Teffeteller,english
Tegtmeier,english
Teitsworth,english
Tejadilla,english
Ten,english
Tenhaeff,english
Terando,english
Theodore,english
Theodorov,english
Thibeault,english
Thistlethwait,english
Thompon,english
Thonney,english
Thornley,english
Thorstenson,english
Thurston,english
Thweatt,english
Ticknor,english
Tigney,english
Tim,english
Timothe,english
Tinnea,english
Tinson,english
Titone,english
Tkach,english
Tobia,english
Tobler,english
Tocco,english
Toft,english
Tomanek,english
Tomopoulos,english
Tonneson,english
Tony,english
Topolski,english
Torbett,english
Torell,english
Totherow,english
Tovrea,english
Towne,english
Towse,english
Towson,english
Tracewell,english
Trainum,english
Tramp,english
Trane,english
Treadaway,english
Treichler,english
Tretola,english
Trimis,english
Trimpe,english
Triola,english
Tritten,english
Trotman,english
Trowers,english
Trueman,english
Trulson,english
Trumble,english
Tso,english
Tucknott,english
Turmelle,english
Turziano,english
Udani,english
Ulisch,english
Ungerman,english
Urman,english
Ursiak,english
Uy,english
Uyemura,english
Vacanti,english
Vaillancourt,english
Valero,english
Valido,english
Valvano,english
Vanallen,english
Vandagriff,english
Vandall,english
Vanderbeck,english
Vandrunen,english
Vangerbig,english
Vanheel,english
Vanholland,english
Vanhowe,english
Vankammen,english
Vansteenwyk,english
Vansumeren,english
Vanvalkenburg,english
Vanveldhuize,english
Vanvickle,english
Varel,english
Vascocu,english
Vauter,english
Vautier,english
Veltkamp,english
Vena,english
Vergo,english
Vernia,english
Viale,english
Viana,english
Vieweg,english
Villa,english
Villaescusa,english
Violette,english
Vivyan,english
Voigtlander,english
Voisinet,english
Vollucci,english
Voltin,english
Voskamp,english
Vu,english
Wackenheim,english
Wada,english
Waddles,english
Waganer,english
Waisman,english
Waitman,english
Wakin,english
Walderon,english
Walling,english
Walthour,english
Warburton,english
Warens,english
Wartenberg,english
Wasco,english
Wasson,english
Water,english
Waterman,english
Wayman,english
Weaber,english
Weafer,english
Weddle,english
Wedo,english
Weida,english
Weigner,english
Weinzimer,english
Weisberg,english
Weisberger,english
Weitze,english
Wellnitz,english
Welzel,english
Wenderoth,english
Wenker,english
Wenz,english
Werner,english
Werremeyer,english
Westcott,english
Westmorland,english
Wetterauer,english
Weuve,english
Whetzel,english
Whitcher,english
Whitesinger,english
Whitlach,english
Whitley,english
Whitner,english
Whittaker,english
Whittie,english
Wibbens,english
Wiberg,english
Wierschen,english
Wildeboer,english
Wiler,english
Wilhelm,english
Wilk,english
Wilkin,english
Wilkson,english
Willars,english
Willborn,english
Willenbrock,english
Wince,english
Windle,english
Windly,english
Winebrenner,english
Wingerd,english
Winkeljohn,english
Winslow,english
Wipprecht,english
Wires,english
Wirght,english
Wissing,english
Witschi,english
Witting,english
Wittrup,english
Woelke,english
Wohlfahrt,english
Wolsdorf,english
Wood,english
Woodie,english
Woodmansee,english
Wooster,english
Worn,english
Wren,english
Wrona,english
Wunder,english
Wuolle,english
Wurl,english
Wurth,english
Wyett,english
Wynn,english
Xayavong,english
Yanda,english
Yasso,english
Yearsley,english
Yengich,english
Yeropoli,english
Yohannes,english
Yokely,english
Yokota,english
Yonan,english
Yoon,english
Yoshizawa,english
Yoshizumi,english
Young,english
Yuenger,english
Yungclas,english
Zabielski,english
Zaborski,english
Zaitlin,english
Zak,english
Zeiser,english
Zellmer,english
Zephier,english
Zielonko,english
Zion,english
Ziraldo,english
Zollinger,english
Zorrilla,english
Zuehlke,english
Zuluaga,english
